Hshd_num,last_purchase_date,first_purchase_date,purchase_count,total_spend,total_units,avg_basket_value,unique_products,store_region,tenure,tenure_safe,purchase_frequency,Loyalty_flag,Age_range,Marital_status,Income_range,Homeowner_desc,Hshd_composition,Hshd_size,Children,spend_per_visit,product_diversity_ratio,churned
10,2020-05-12,2018-08-19,148,8328.26,1673,56.27202702702703,646,EAST,632,632,7.025316455696203,Y,45-54,Single,35-49K,Homeowner,1 Adult,1.0,,56.27202702702703,0.38613269575612674,0
29,2019-10-19,2019-03-10,2,19.950000000000003,6,9.975000000000001,6,CENTRAL,223,223,0.26905829596412556,Y,55-64,Married,100-150K,Homeowner,2 Adults and Kids,3.0,1.0,9.975000000000001,1.0,1
53,2020-05-17,2018-08-20,153,5351.05,2601,34.97418300653595,724,EAST,636,636,7.216981132075472,Y,55-64,Married,50-74K,Homeowner,2 Adults and Kids,3.0,1.0,34.97418300653595,0.27835447904652055,0
54,2020-05-12,2018-08-20,237,7266.360000000001,3464,30.65974683544304,998,EAST,631,631,11.26782884310618,Y,75+,Married,UNDER 35K,Homeowner,2 Adults,2.0,,30.65974683544304,0.2881062355658199,0
60,2020-05-16,2018-08-19,518,26982.27,10162,52.08932432432433,2052,EAST,636,636,24.433962264150946,Y,45-54,Married,35-49K,Homeowner,2 Adults and Kids,5.0,3.0,52.08932432432432,0.2019287541822476,0
81,2020-05-04,2019-04-22,7,39.82,9,5.688571428571429,9,EAST,378,378,0.5555555555555556,N,55-64,Married,50-74K,Homeowner,2 Adults and Kids,3.0,1.0,5.688571428571429,1.0,1
92,2019-03-27,2018-10-30,2,29.07,14,14.535,7,CENTRAL,148,148,0.4054054054054054,Y,55-64,Married,75-99K,Homeowner,2 Adults and Kids,3.0,1.0,14.535,0.5,1
99,2020-05-17,2018-08-17,206,13709.18,5007,66.54941747572816,1127,SOUTH,639,639,9.671361502347418,Y,35-44,Married,75-99K,Homeowner,2 Adults and Kids,3.0,1.0,66.54941747572816,0.22508488116636707,0
115,2019-08-08,2019-08-06,2,100.26,40,50.13000000000001,36,SOUTH,2,2,30.0,Y,35-44,Married,35-49K,Homeowner,2 Adults and Kids,5.0,3.0,50.13,0.9,1
117,2020-05-12,2018-08-17,236,17226.99,4442,72.99572033898306,1718,EAST,634,634,11.167192429022082,Y,45-54,Single,150K+,Homeowner,1 Adult and Kids,5.0,3.0,72.99572033898306,0.38676271949572266,0
136,2020-05-15,2018-08-17,228,13266.460000000001,2598,58.18622807017543,1267,EAST,637,637,10.737833594976452,Y,55-64,Married,50-74K,Homeowner,2 Adults and Kids,3.0,1.0,58.186228070175446,0.48768283294842185,0
139,2018-11-02,2018-09-01,9,668.88,245,74.32000000000001,122,EAST,62,62,4.354838709677419,Y,55-64,Single,35-49K,Renter,Single Female,1.0,,74.32,0.49795918367346936,1
151,2020-05-17,2018-08-18,272,7879.31,2647,28.96805147058824,1056,EAST,638,638,12.789968652037619,N,45-54,Single,150K+,Homeowner,1 Adult,1.0,,28.968051470588236,0.398942198715527,0
159,2020-05-17,2018-08-18,199,8445.36,3963,42.438994974874376,1321,EAST,638,638,9.357366771159874,Y,,,,,,,,42.438994974874376,0.3333333333333333,0
160,2020-03-04,2018-08-17,95,2217.89,600,23.346210526315787,361,EAST,565,565,5.04424778761062,Y,45-54,Married,100-150K,Homeowner,2 Adults and Kids,4.0,2.0,23.346210526315787,0.6016666666666667,0
172,2020-05-17,2018-08-17,120,5076.39,2539,42.30325,615,EAST,639,639,5.633802816901408,Y,75+,Single,UNDER 35K,Homeowner,1 Adult,1.0,,42.303250000000006,0.24222134698700276,0
183,2020-05-13,2018-08-19,254,17464.45,4689,68.75767716535432,1652,EAST,633,633,12.037914691943127,Y,35-44,Single,50-74K,Homeowner,1 Adult and Kids,2.0,1.0,68.75767716535434,0.3523139262102794,0
184,2020-03-23,2018-08-24,189,5203.84,1832,27.533544973544974,824,EAST,577,577,9.826689774696707,Y,55-64,Married,35-49K,Renter,2 Adults and Kids,3.0,1.0,27.533544973544974,0.4497816593886463,0
185,2019-12-13,2018-11-23,2,28.93,9,14.465,9,EAST,385,385,0.15584415584415584,Y,45-54,Married,100-150K,Homeowner,2 Adults and Kids,3.0,1.0,14.465,1.0,1
186,2020-03-22,2019-02-16,8,188.1,82,23.5125,59,EAST,400,400,0.6,N,45-54,Married,100-150K,Homeowner,2 Adults and Kids,3.0,1.0,23.5125,0.7195121951219512,1
196,2020-05-03,2018-08-27,53,5140.24,1300,96.98566037735849,598,CENTRAL,615,615,2.5853658536585367,Y,35-44,Married,50-74K,Renter,2 Adults and Kids,3.0,1.0,96.98566037735849,0.46,0
210,2020-05-14,2018-08-19,188,12137.92,3910,64.56340425531916,1176,EAST,634,634,8.89589905362776,Y,,,,,,,,64.56340425531916,0.30076726342710997,0
225,2019-07-27,2019-07-27,1,44.66,12,44.660000000000004,11,SOUTH,0,1,30.0,N,65-74,Single,35-49K,Homeowner,Single Female,1.0,,44.66,0.9166666666666666,1
242,2020-05-14,2018-08-17,160,5804.74,1463,36.279625,307,EAST,636,636,7.547169811320755,N,55-64,Single,50-74K,,1 Adult and Kids,2.0,1.0,36.279624999999996,0.20984278879015722,0
264,2019-10-22,2018-10-30,2,54.55,21,27.275000000000002,15,CENTRAL,357,357,0.1680672268907563,Y,35-44,,UNDER 35K,Homeowner,2 Adults,2.0,,27.275,0.7142857142857143,1
308,2020-05-17,2018-08-17,637,13447.74,6760,21.11105180533752,854,EAST,639,639,29.906103286384976,Y,65-74,Single,50-74K,Homeowner,Single Female,1.0,,21.11105180533752,0.12633136094674557,0
361,2020-05-15,2018-08-17,332,7080.11,2243,21.325632530120483,863,SOUTH,637,637,15.63579277864992,N,55-64,Married,100-150K,Homeowner,2 Adults and Kids,3.0,1.0,21.32563253012048,0.3847525635309853,0
401,2020-05-17,2018-08-21,236,11754.51,5272,49.807245762711865,1226,CENTRAL,635,635,11.149606299212598,Y,55-64,Single,35-49K,Homeowner,1 Adult and Kids,2.0,1.0,49.807245762711865,0.2325493171471927,0
422,2020-05-14,2018-08-19,145,4591.51,1668,31.665586206896553,974,CENTRAL,634,634,6.861198738170347,Y,35-44,Single,50-74K,Homeowner,1 Adult and Kids,5.0,3.0,31.665586206896553,0.5839328537170264,0
428,2020-05-17,2018-08-18,184,7152.99,2503,38.87494565217391,794,CENTRAL,638,638,8.652037617554859,Y,75+,Married,35-49K,Homeowner,2 Adults,2.0,,38.87494565217391,0.31721933679584496,0
438,2020-05-17,2018-08-17,452,32406.73,7381,71.69630530973453,816,CENTRAL,639,639,21.220657276995304,Y,35-44,Single,150K+,Renter,1 Adult and Kids,2.0,1.0,71.69630530973451,0.11055412545725511,0
453,2020-05-13,2018-08-20,130,9921.47,2587,76.319,767,EAST,632,632,6.170886075949367,Y,19-24,Married,150K+,Homeowner,2 Adults,2.0,,76.31899999999999,0.2964824120603015,0
455,2020-04-08,2020-04-08,1,2.49,1,2.49,1,SOUTH,0,1,30.0,Y,45-54,Married,75-99K,Homeowner,2 Adults and Kids,5.0,3.0,2.49,1.0,1
459,2020-05-16,2018-08-26,182,5110.08,1492,28.077362637362636,827,CENTRAL,629,629,8.680445151033387,N,55-64,Married,50-74K,Homeowner,2 Adults and Kids,3.0,1.0,28.077362637362636,0.5542895442359249,0
482,2020-05-15,2018-08-18,119,3344.8,1480,28.107563025210087,713,CENTRAL,636,636,5.613207547169812,N,35-44,Single,50-74K,Homeowner,1 Adult,1.0,,28.107563025210087,0.4817567567567568,0
514,2020-05-17,2018-08-17,207,16265.94,4941,78.57942028985508,1316,CENTRAL,639,639,9.71830985915493,Y,65-74,Married,75-99K,Homeowner,2 Adults and Kids,,,78.57942028985508,0.26634284557781823,0
525,2020-05-11,2018-08-19,136,4972.77,2092,36.56448529411765,841,CENTRAL,631,631,6.465927099841521,Y,55-64,Single,UNDER 35K,Homeowner,1 Adult and Kids,2.0,1.0,36.56448529411765,0.4020076481835564,0
554,2020-05-13,2018-08-18,164,4761.03,1794,29.03067073170732,592,CENTRAL,634,634,7.7602523659306,N,55-64,Single,UNDER 35K,,Single Female,1.0,,29.030670731707314,0.32998885172798215,0
575,2020-05-15,2018-08-19,125,3291.52,1342,26.332160000000002,495,CENTRAL,635,635,5.905511811023621,Y,65-74,Single,50-74K,Homeowner,Single Male,1.0,,26.33216,0.36885245901639346,0
577,2020-05-11,2018-08-17,144,5933.3,2412,41.20347222222222,788,CENTRAL,633,633,6.824644549763033,Y,65-74,Married,UNDER 35K,Homeowner,2 Adults,2.0,,41.203472222222224,0.32669983416252074,0
590,2020-05-17,2018-08-19,197,8203.19,2728,41.64055837563451,969,CENTRAL,637,637,9.277864992150706,Y,55-64,Married,35-49K,Homeowner,2 Adults and Kids,5.0,3.0,41.64055837563452,0.3552052785923754,0
594,2020-05-17,2018-08-26,89,2362.7000000000003,1037,26.54719101123596,194,CENTRAL,630,630,4.238095238095238,N,35-44,Single,35-49K,Homeowner,1 Adult and Kids,2.0,1.0,26.54719101123596,0.1870781099324976,0
605,2020-05-10,2018-08-18,206,4238.38,2171,20.574660194174758,656,CENTRAL,631,631,9.793977812995244,N,55-64,Married,UNDER 35K,Homeowner,2 Adults and Kids,3.0,1.0,20.574660194174758,0.3021649009672962,0
616,2020-05-14,2018-08-17,165,10678.23,3607,64.71654545454545,581,CENTRAL,636,636,7.783018867924529,Y,,,,,,,,64.71654545454545,0.16107568616578874,0
631,2020-05-16,2018-08-17,146,5028.1900000000005,2100,34.43965753424657,859,CENTRAL,638,638,6.865203761755486,Y,65-74,Married,35-49K,Homeowner,2 Adults and Kids,,,34.43965753424658,0.40904761904761905,0
632,2020-05-16,2018-08-18,159,6589.8,2282,41.445283018867926,1048,CENTRAL,637,637,7.488226059654631,Y,55-64,Married,50-74K,Homeowner,2 Adults,2.0,,41.445283018867926,0.45924627519719546,0
642,2020-05-10,2018-08-20,109,2542.11,916,23.32211009174312,445,CENTRAL,629,629,5.198728139904611,N,45-54,Single,35-49K,Homeowner,1 Adult and Kids,2.0,1.0,23.32211009174312,0.48580786026200873,0
651,2020-05-14,2018-08-19,222,7383.63,2868,33.25959459459459,1287,CENTRAL,634,634,10.504731861198739,Y,,,,,,,,33.259594594594596,0.448744769874477,0
655,2020-05-13,2018-08-18,164,5407.54,1719,32.972804878048784,924,CENTRAL,634,634,7.7602523659306,N,65-74,Single,UNDER 35K,Homeowner,1 Adult,1.0,,32.97280487804878,0.537521815008726,0
682,2020-05-10,2018-08-18,160,3194.41,1461,19.9650625,496,CENTRAL,631,631,7.606973058637084,N,45-54,Single,35-49K,Homeowner,1 Adult and Kids,3.0,2.0,19.9650625,0.3394934976043806,0
692,2020-05-12,2018-08-18,133,6135.95,2088,46.13496240601504,723,CENTRAL,633,633,6.303317535545023,Y,65-74,Married,50-74K,Homeowner,2 Adults and Kids,,,46.134962406015035,0.34626436781609193,0
720,2020-05-12,2018-08-19,132,10185.880000000001,2201,77.16575757575758,872,CENTRAL,632,632,6.265822784810126,Y,65-74,Married,75-99K,Homeowner,2 Adults,2.0,,77.16575757575758,0.3961835529304861,0
733,2019-01-02,2019-01-02,1,19.080000000000002,5,19.080000000000002,5,CENTRAL,0,1,30.0,N,65-74,Single,UNDER 35K,Homeowner,1 Adult,1.0,,19.080000000000002,1.0,1
762,2020-05-10,2018-08-18,75,2940.89,1301,39.21186666666667,578,CENTRAL,631,631,3.565768621236133,N,45-54,Single,50-74K,Renter,1 Adult and Kids,2.0,1.0,39.211866666666666,0.44427363566487316,0
764,2020-05-11,2018-08-17,187,7733.58,2545,41.356042780748666,839,CENTRAL,633,633,8.86255924170616,Y,35-44,Single,100-150K,Homeowner,1 Adult and Kids,2.0,1.0,41.356042780748666,0.32966601178781924,0
766,2020-05-09,2018-08-20,105,8194.34,2374,78.04133333333334,1033,CENTRAL,628,628,5.015923566878981,Y,65-74,Married,UNDER 35K,Homeowner,2 Adults and Kids,3.0,1.0,78.04133333333334,0.43513058129738835,0
779,2020-05-17,2018-08-17,576,11487.65,4473,19.94383680555556,1358,CENTRAL,639,639,27.04225352112676,Y,,Single,50-74K,Homeowner,Single Female,1.0,,19.943836805555556,0.30359937402190923,0
780,2019-03-13,2019-03-13,1,1.99,1,1.99,1,CENTRAL,0,1,30.0,Y,55-64,Married,50-74K,Homeowner,2 Adults and Kids,3.0,1.0,1.99,1.0,1
789,2020-05-16,2018-08-17,168,16455.43,4260,97.9489880952381,1614,CENTRAL,638,638,7.899686520376176,Y,55-64,Married,150K+,Homeowner,2 Adults and Kids,3.0,1.0,97.9489880952381,0.3788732394366197,0
794,2020-04-29,2018-08-26,37,2795.61,731,75.55702702702703,459,EAST,612,612,1.8137254901960786,Y,75+,Single,35-49K,Homeowner,Single Female,1.0,,75.55702702702703,0.627906976744186,0
801,2020-05-13,2018-08-18,138,6424.9,2019,46.55724637681159,690,CENTRAL,634,634,6.529968454258675,Y,45-54,Married,50-74K,Homeowner,2 Adults and Kids,3.0,1.0,46.55724637681159,0.34175334323922735,0
808,2020-05-17,2018-08-17,96,3274.9500000000003,1463,34.114062499999996,538,CENTRAL,639,639,4.507042253521127,Y,75+,Married,UNDER 35K,Homeowner,2 Adults,2.0,,34.1140625,0.3677375256322625,0
812,2019-02-01,2018-08-23,55,1631.2,520,29.658181818181824,241,CENTRAL,162,162,10.185185185185185,Y,55-64,Married,50-74K,,2 Adults,2.0,,29.65818181818182,0.4634615384615385,1
815,2020-05-17,2018-08-19,276,23473.33,6722,85.04829710144926,1669,CENTRAL,637,637,12.998430141287283,Y,55-64,Married,UNDER 35K,Homeowner,2 Adults,2.0,,85.04829710144928,0.2482891996429634,0
839,2020-05-15,2018-08-20,95,6793.9400000000005,1705,71.51515789473684,723,EAST,634,634,4.495268138801262,Y,65-74,Single,35-49K,Homeowner,1 Adult,1.0,,71.51515789473684,0.4240469208211144,0
845,2020-05-07,2018-08-19,221,7499.25,2988,33.93325791855204,1332,EAST,627,627,10.574162679425838,Y,45-54,Single,UNDER 35K,Renter,1 Adult and Kids,2.0,1.0,33.93325791855204,0.4457831325301205,0
881,2019-01-04,2019-01-04,1,28.810000000000002,9,28.810000000000002,6,WEST,0,1,30.0,Y,75+,Married,35-49K,,2 Adults,2.0,,28.810000000000002,0.6666666666666666,1
915,2019-02-24,2019-02-24,2,18.89,9,9.445,8,WEST,0,1,60.0,Y,55-64,Married,100-150K,Homeowner,2 Adults,2.0,,9.445,0.8888888888888888,0
916,2020-03-30,2018-10-26,34,1273.1200000000001,471,37.44470588235294,238,WEST,521,521,1.9577735124760076,N,65-74,Married,100-150K,Homeowner,2 Adults and Kids,3.0,1.0,37.44470588235294,0.505307855626327,1
918,2020-03-12,2018-08-21,4,38.12,24,9.530000000000001,9,CENTRAL,569,569,0.210896309314587,Y,55-64,,150K+,Homeowner,2 Adults,2.0,,9.53,0.375,1
982,2020-05-06,2018-08-24,81,5831.95,2451,71.99938271604938,838,EAST,621,621,3.9130434782608696,Y,55-64,Married,75-99K,Homeowner,2 Adults,2.0,,71.99938271604938,0.3419012647898817,0
984,2020-05-17,2018-08-18,393,12538.83,5921,31.905419847328243,1841,EAST,638,638,18.479623824451412,Y,45-54,Married,50-74K,Homeowner,2 Adults and Kids,3.0,1.0,31.905419847328243,0.31092720824185105,0
986,2020-05-17,2018-08-20,122,5391.83,2232,44.19532786885246,827,EAST,636,636,5.754716981132075,Y,,Single,35-49K,Renter,Single Female,1.0,,44.19532786885246,0.37051971326164873,0
991,2020-05-17,2018-08-17,1421,23351.15,8073,16.43289936664321,3407,EAST,639,639,66.71361502347418,Y,25-34,Single,50-74K,Renter,Single Male,1.0,,16.43289936664321,0.4220240307196829,0
992,2020-05-17,2018-08-18,324,9091.76,4191,28.06098765432099,1188,EAST,638,638,15.235109717868339,Y,35-44,Single,75-99K,Renter,Single Male,1.0,,28.06098765432099,0.28346456692913385,0
1012,2020-05-12,2018-08-24,101,3923.1,1950,38.842574257425746,714,EAST,627,627,4.832535885167465,N,65-74,Married,UNDER 35K,Homeowner,2 Adults and Kids,3.0,1.0,38.84257425742574,0.36615384615384616,0
1015,2020-05-10,2018-08-17,263,9651.12,3845,36.69627376425856,1498,EAST,632,632,12.484177215189874,Y,45-54,Single,UNDER 35K,Homeowner,1 Adult and Kids,4.0,3.0,36.69627376425856,0.3895968790637191,0
1020,2020-05-16,2018-08-17,597,10666.59,3327,17.866984924623114,1124,EAST,638,638,28.072100313479623,Y,55-64,Married,150K+,Homeowner,2 Adults and Kids,4.0,2.0,17.866984924623114,0.3378418996092576,0
1034,2020-05-10,2018-08-17,305,14047.78,6837,46.05829508196721,1761,EAST,632,632,14.477848101265822,Y,25-34,Single,35-49K,Renter,1 Adult and Kids,5.0,3.0,46.058295081967216,0.25756910925844667,0
1080,2020-05-11,2018-08-18,257,8435.09,2604,32.82136186770428,642,EAST,632,632,12.199367088607595,Y,45-54,Married,150K+,Homeowner,2 Adults and Kids,4.0,2.0,32.82136186770428,0.2465437788018433,0
1082,2020-05-17,2018-08-17,544,22251.16,7473,40.90286764705883,2374,EAST,639,639,25.539906103286384,Y,35-44,Single,UNDER 35K,Renter,Single Male,1.0,,40.90286764705883,0.31767697042687004,0
1102,2020-05-09,2018-08-17,217,22633.23,6358,104.30059907834102,1479,EAST,631,631,10.316957210776545,Y,35-44,Married,75-99K,Homeowner,2 Adults and Kids,5.0,3.0,104.30059907834101,0.232620320855615,0
1112,2020-04-26,2019-05-16,29,1027.94,426,35.44620689655173,227,SOUTH,346,346,2.514450867052023,Y,55-64,Married,150K+,Homeowner,2 Adults,2.0,,35.44620689655173,0.5328638497652582,1
1120,2020-05-16,2018-08-18,222,13249.04,4314,59.68036036036037,1357,EAST,637,637,10.455259026687598,Y,45-54,Single,35-49K,Homeowner,1 Adult and Kids,2.0,1.0,59.68036036036037,0.3145572554473806,0
1121,2020-05-09,2018-08-20,91,2638.9,1061,28.9989010989011,611,EAST,628,628,4.3471337579617835,N,55-64,Single,35-49K,Homeowner,1 Adult and Kids,2.0,1.0,28.9989010989011,0.5758718190386428,0
1122,2020-05-05,2018-08-20,184,2957.98,1351,16.075978260869565,402,EAST,624,624,8.846153846153847,N,55-64,Single,100-150K,Homeowner,1 Adult and Kids,4.0,3.0,16.075978260869565,0.2975573649148779,0
1132,2019-12-24,2019-12-24,1,5.49,1,5.49,1,EAST,0,1,30.0,Y,65-74,Single,35-49K,Homeowner,Single Female,1.0,,5.49,1.0,1
1137,2020-05-17,2018-08-19,155,9400.24,2674,60.646709677419366,1017,EAST,637,637,7.2998430141287285,Y,35-44,Married,75-99K,Homeowner,2 Adults and Kids,4.0,2.0,60.64670967741935,0.38032909498878087,0
1165,2020-05-12,2018-08-18,147,3558.71,1697,24.20891156462585,536,EAST,633,633,6.966824644549763,Y,55-64,Single,35-49K,Homeowner,Single Male,1.0,,24.20891156462585,0.31585150265173834,0
1187,2020-05-16,2018-08-19,253,10108.72,3755,39.95541501976285,1569,EAST,636,636,11.933962264150944,Y,55-64,Married,75-99K,Homeowner,2 Adults and Kids,5.0,3.0,39.955415019762846,0.4178428761651132,0
1192,2020-05-12,2018-08-29,264,7277.33,1889,27.56564393939394,401,EAST,622,622,12.733118971061092,N,55-64,Single,75-99K,Homeowner,1 Adult,1.0,,27.56564393939394,0.21228163049232399,0
1195,2020-05-17,2018-08-17,227,15776.09,5227,69.49819383259911,1570,EAST,639,639,10.657276995305164,Y,45-54,Married,35-49K,Homeowner,2 Adults and Kids,5.0,3.0,69.49819383259911,0.30036349722594224,0
1205,2020-05-13,2018-08-18,83,5266.63,1724,63.4533734939759,577,EAST,634,634,3.9274447949526814,N,55-64,Married,50-74K,Homeowner,2 Adults and Kids,3.0,1.0,63.4533734939759,0.33468677494199534,0
1234,2019-04-02,2019-04-02,1,26.44,7,26.440000000000005,7,WEST,0,1,30.0,Y,45-54,Married,100-150K,Homeowner,2 Adults and Kids,5.0,3.0,26.44,1.0,1
1241,2020-05-16,2018-08-18,602,28001.05,10035,46.513372093023264,2588,EAST,637,637,28.35164835164835,Y,55-64,Married,35-49K,Homeowner,2 Adults and Kids,3.0,1.0,46.51337209302326,0.2578973592426507,0
1245,2020-05-16,2018-08-18,432,25689.52,9886,59.46648148148148,2901,EAST,637,637,20.345368916797486,Y,45-54,Married,100-150K,Homeowner,2 Adults and Kids,5.0,3.0,59.46648148148148,0.2934452761480882,0
1251,2020-05-11,2018-08-23,116,14837.4,3459,127.90862068965517,970,EAST,627,627,5.550239234449761,Y,65-74,Married,50-74K,Homeowner,2 Adults,2.0,,127.90862068965517,0.2804278693263949,0
1261,2020-05-17,2018-08-17,219,8681.24,2759,39.64036529680365,1306,CENTRAL,639,639,10.28169014084507,Y,,,,,,,,39.64036529680365,0.47335991301196084,0
1265,2020-05-17,2018-08-17,235,19737.22,6044,83.98817021276597,1992,EAST,639,639,11.032863849765258,Y,55-64,Married,150K+,Homeowner,2 Adults and Kids,3.0,1.0,83.98817021276597,0.32958305757776307,0
1270,2020-05-13,2018-08-18,285,18156.3,5728,63.70631578947369,1737,CENTRAL,634,634,13.485804416403786,Y,45-54,Married,35-49K,Homeowner,2 Adults and Kids,5.0,3.0,63.706315789473685,0.3032472067039106,0
1275,2020-05-14,2018-08-18,105,3828.44,2042,36.46133333333333,494,EAST,635,635,4.960629921259843,Y,,,,,,,,36.461333333333336,0.24191968658178256,0
1277,2020-05-10,2018-08-25,116,6012.78,2018,51.834310344827585,780,CENTRAL,624,624,5.576923076923077,Y,55-64,Single,35-49K,Homeowner,1 Adult,1.0,,51.834310344827585,0.3865213082259663,0
1290,2020-05-17,2018-08-17,131,8021.06,3364,61.22946564885496,1245,CENTRAL,639,639,6.150234741784037,Y,65-74,Married,35-49K,Homeowner,2 Adults,2.0,,61.22946564885496,0.3700951248513674,0
1301,2019-06-17,2019-06-17,1,30.89,8,30.89,8,SOUTH,0,1,30.0,Y,45-54,Single,150K+,Renter,1 Adult and Kids,2.0,1.0,30.89,1.0,1
1308,2020-05-11,2018-08-23,140,3485.51,1152,24.896500000000003,506,SOUTH,627,627,6.698564593301436,N,55-64,Single,35-49K,Homeowner,Single Male,1.0,,24.896500000000003,0.4392361111111111,0
1349,2020-05-10,2018-08-25,73,1386.95,524,18.999315068493154,334,SOUTH,624,624,3.5096153846153846,N,45-54,Single,35-49K,Renter,Single Male,1.0,,18.99931506849315,0.6374045801526718,0
1358,2020-04-15,2018-08-26,41,411.8,174,10.043902439024391,127,SOUTH,598,598,2.05685618729097,N,45-54,Single,100-150K,Homeowner,1 Adult and Kids,4.0,3.0,10.043902439024391,0.7298850574712644,1
1373,2020-05-15,2018-08-22,99,3669.57,1568,37.06636363636363,557,EAST,632,632,4.699367088607595,Y,65-74,Married,UNDER 35K,Homeowner,2 Adults and Kids,3.0,1.0,37.06636363636364,0.3552295918367347,0
1399,2020-05-12,2018-08-19,161,4024.58,1578,24.99739130434783,762,SOUTH,632,632,7.6424050632911396,N,25-34,Single,UNDER 35K,Renter,Single Female,1.0,,24.997391304347826,0.4828897338403042,0
1404,2020-05-13,2018-08-19,166,13661.25,4619,82.29668674698796,1597,SOUTH,633,633,7.867298578199051,Y,45-54,Married,100-150K,Homeowner,2 Adults,2.0,,82.29668674698796,0.34574583243126217,0
1433,2020-05-12,2018-08-17,492,19424.02,8041,39.479715447154476,1431,WEST,634,634,23.2807570977918,Y,,,,,,,,39.479715447154476,0.17796293993284418,0
1437,2020-05-16,2018-08-20,407,11020.99,3825,27.07859950859951,1399,WEST,635,635,19.22834645669291,Y,75+,Single,UNDER 35K,Homeowner,1 Adult,1.0,,27.07859950859951,0.3657516339869281,0
1441,2020-05-17,2018-08-18,171,13031.91,3826,76.21,1110,WEST,638,638,8.04075235109718,Y,35-44,Married,50-74K,Homeowner,2 Adults and Kids,5.0,3.0,76.21,0.2901202300052274,0
1446,2020-05-17,2018-08-18,128,12925.31,4107,100.978984375,1472,SOUTH,638,638,6.018808777429467,Y,35-44,Married,50-74K,Homeowner,2 Adults and Kids,5.0,3.0,100.978984375,0.3584124665205746,0
1448,2020-05-12,2018-08-17,199,9540.710000000001,3854,47.943266331658286,1196,SOUTH,634,634,9.41640378548896,Y,55-64,Married,50-74K,Homeowner,2 Adults and Kids,3.0,1.0,47.94326633165829,0.3103269330565646,0
1461,2019-07-02,2019-07-02,1,3.5,1,3.5,1,CENTRAL,0,1,30.0,Y,35-44,Single,50-74K,Homeowner,1 Adult and Kids,5.0,3.0,3.5,1.0,1
1462,2018-10-07,2018-09-08,10,166.48,44,16.648000000000003,30,SOUTH,29,29,10.344827586206897,Y,19-24,Single,50-74K,Renter,1 Adult,1.0,,16.648,0.6818181818181818,1
1469,2019-12-22,2019-12-22,2,182.65,22,91.325,15,WEST,0,1,60.0,N,75+,,UNDER 35K,Homeowner,2 Adults,2.0,,91.325,0.6818181818181818,0
1470,2020-05-03,2018-08-19,130,2317.64,1257,17.828000000000003,568,CENTRAL,623,623,6.260032102728732,N,,,,,,,,17.828,0.4518695306284805,0
1473,2020-05-11,2018-08-29,90,4766.04,1888,52.956,647,WEST,621,621,4.3478260869565215,Y,75+,Married,35-49K,Homeowner,2 Adults and Kids,4.0,2.0,52.956,0.3426906779661017,0
1492,2020-05-16,2018-08-17,189,13296.45,4436,70.3515873015873,1357,EAST,638,638,8.887147335423197,Y,45-54,Married,35-49K,Renter,2 Adults and Kids,3.0,1.0,70.3515873015873,0.30590622182146077,0
1495,2020-05-16,2018-08-18,245,5403.31,1859,22.054326530612244,652,CENTRAL,637,637,11.538461538461538,N,75+,Married,UNDER 35K,Homeowner,2 Adults,2.0,,22.054326530612247,0.35072619688004303,0
1526,2020-05-14,2018-08-19,99,5217.55,1492,52.70252525252526,770,CENTRAL,634,634,4.684542586750789,Y,55-64,Married,50-74K,Homeowner,2 Adults and Kids,5.0,3.0,52.702525252525255,0.5160857908847185,0
1532,2020-04-26,2018-08-23,120,4609.49,2150,38.412416666666665,987,WEST,612,612,5.882352941176471,Y,45-54,Single,100-150K,Homeowner,1 Adult and Kids,,,38.412416666666665,0.45906976744186045,0
1545,2020-05-17,2018-08-18,277,12282.15,3254,44.33989169675091,1350,WEST,638,638,13.025078369905957,Y,,,,,,,,44.339891696750904,0.4148740012292563,0
1554,2020-05-14,2018-08-26,125,4022.3,2144,32.1784,1114,EAST,627,627,5.980861244019139,Y,75+,Single,UNDER 35K,Homeowner,1 Adult,1.0,,32.1784,0.519589552238806,0
1565,2019-06-15,2019-06-15,1,36.7,10,36.7,10,WEST,0,1,30.0,Y,35-44,Married,75-99K,Homeowner,2 Adults and Kids,3.0,1.0,36.7,1.0,1
1567,2020-05-16,2018-08-19,162,9808.3,3724,60.54506172839507,1198,WEST,636,636,7.6415094339622645,Y,45-54,Single,UNDER 35K,Homeowner,Single Male,1.0,,60.545061728395055,0.3216970998925886,0
1573,2020-05-09,2019-01-05,3,105.3,46,35.1,40,WEST,490,490,0.1836734693877551,N,45-54,Married,100-150K,Homeowner,2 Adults and Kids,5.0,3.0,35.1,0.8695652173913043,1
1600,2020-05-17,2018-08-20,113,6432.33,1591,56.923274336283185,461,WEST,636,636,5.330188679245283,Y,,,,,,,,56.923274336283185,0.28975487115022,0
1618,2020-05-16,2018-08-17,263,7406.54,3087,28.16174904942966,1442,WEST,638,638,12.36677115987461,N,55-64,Married,100-150K,Homeowner,2 Adults,2.0,,28.16174904942966,0.4671201814058957,0
1631,2020-05-17,2018-08-17,587,11349.75,5112,19.335178875638842,1944,WEST,639,639,27.558685446009388,Y,55-64,Single,35-49K,Homeowner,1 Adult and Kids,2.0,1.0,19.335178875638842,0.38028169014084506,0
1632,2020-05-11,2018-08-17,190,8236.81,2399,43.35163157894738,791,WEST,633,633,9.004739336492891,N,45-54,Single,150K+,Homeowner,Single Male,1.0,,43.35163157894736,0.3297207169654022,0
1647,2020-05-10,2018-08-17,94,10612.45,3161,112.89840425531915,1191,WEST,632,632,4.462025316455696,Y,,,,,,,,112.89840425531915,0.3767795001581778,0
1652,2020-05-17,2018-09-05,135,8337.91,2726,61.7622962962963,1303,CENTRAL,620,620,6.532258064516129,Y,,,,,,,,61.7622962962963,0.47798972853998534,0
1660,2019-11-29,2019-04-23,2,10.26,6,5.130000000000001,4,WEST,220,220,0.27272727272727276,Y,35-44,Single,100-150K,Renter,Single Female,1.0,,5.13,0.6666666666666666,1
1661,2020-03-14,2018-09-11,48,1617.2,420,33.69166666666667,302,EAST,550,550,2.618181818181818,Y,,,,,,,,33.69166666666667,0.719047619047619,1
1662,2019-11-26,2019-11-26,2,54.86,24,27.43,19,WEST,0,1,60.0,N,65-74,Married,35-49K,Homeowner,2 Adults,2.0,,27.43,0.7916666666666666,1
1699,2020-05-17,2018-08-19,306,14652.98,3709,47.885555555555555,1655,EAST,637,637,14.411302982731554,Y,45-54,,150K+,Homeowner,2 Adults,2.0,,47.885555555555555,0.446211916958749,0
1709,2020-05-15,2018-08-23,85,7313.6900000000005,2408,86.0434117647059,1040,CENTRAL,631,631,4.041204437400951,Y,65-74,Married,35-49K,Homeowner,2 Adults and Kids,,,86.0434117647059,0.4318936877076412,0
1729,2020-05-13,2018-08-23,177,7534.89,2991,42.56999999999999,1237,CENTRAL,629,629,8.441971383147854,Y,45-54,Single,75-99K,Renter,1 Adult and Kids,2.0,1.0,42.57,0.41357405549983284,0
1747,2019-12-29,2019-07-04,2,55.81,23,27.905,20,CENTRAL,178,178,0.33707865168539325,Y,55-64,Married,100-150K,Homeowner,2 Adults,2.0,,27.905,0.8695652173913043,1
1748,2020-05-05,2018-08-17,402,12537.300000000001,4338,31.18731343283582,1097,WEST,627,627,19.23444976076555,Y,45-54,Married,100-150K,,2 Adults and Kids,5.0,3.0,31.187313432835822,0.2528815122176118,0
1750,2019-06-17,2019-06-17,1,9.98,2,9.98,1,EAST,0,1,30.0,Y,45-54,Married,150K+,Homeowner,2 Adults and Kids,3.0,1.0,9.98,0.5,1
1770,2020-05-16,2018-08-21,88,8064.59,2450,91.6430681818182,886,CENTRAL,634,634,4.16403785488959,Y,65-74,Married,35-49K,Homeowner,2 Adults,2.0,,91.64306818181818,0.3616326530612245,0
1786,2020-04-30,2018-08-17,346,6719.05,2668,19.419219653179194,978,WEST,622,622,16.688102893890676,N,35-44,Married,50-74K,Homeowner,2 Adults and Kids,5.0,3.0,19.41921965317919,0.36656671664167917,0
1795,2020-05-15,2018-08-19,237,11144.43,5761,47.022911392405064,1529,WEST,635,635,11.196850393700787,Y,35-44,,35-49K,Homeowner,2 Adults and Kids,5.0,3.0,47.022911392405064,0.2654053115778511,0
1797,2020-05-16,2018-08-17,349,9909.84,3696,28.39495702005731,1192,CENTRAL,638,638,16.41065830721003,N,35-44,Married,50-74K,Homeowner,2 Adults and Kids,3.0,1.0,28.39495702005731,0.3225108225108225,0
1809,2020-05-16,2018-08-27,225,4672.91,1495,20.768488888888893,822,SOUTH,628,628,10.748407643312103,Y,,,,,,,,20.76848888888889,0.5498327759197325,0
1836,2020-05-08,2018-08-17,57,8066.42,2718,141.5161403508772,1254,SOUTH,630,630,2.7142857142857144,Y,75+,Married,35-49K,Homeowner,2 Adults,2.0,,141.5161403508772,0.4613686534216336,0
1861,2020-05-16,2018-08-18,404,8061.01,3737,19.952995049504953,2054,CENTRAL,637,637,19.02668759811617,Y,35-44,Single,50-74K,Renter,Single Female,1.0,,19.952995049504953,0.5496387476585496,0
1873,2020-05-13,2018-08-19,144,7799.49,2539,54.16312500000001,1127,CENTRAL,633,633,6.824644549763033,Y,45-54,Married,50-74K,Homeowner,2 Adults and Kids,3.0,1.0,54.163125,0.44387554155179204,0
1885,2020-05-15,2018-08-19,168,20406.52,6680,121.46738095238095,2472,SOUTH,635,635,7.937007874015747,Y,35-44,Married,75-99K,Homeowner,2 Adults and Kids,4.0,2.0,121.46738095238095,0.37005988023952097,0
1895,2020-05-15,2018-08-18,425,12133.93,5335,28.550423529411766,2042,EAST,636,636,20.047169811320757,Y,,,,,,,,28.550423529411766,0.38275538894095595,0
1904,2020-05-10,2018-08-27,96,5976.650000000001,2032,62.25677083333333,948,EAST,622,622,4.630225080385852,Y,25-34,Married,50-74K,Homeowner,2 Adults and Kids,3.0,1.0,62.25677083333334,0.46653543307086615,0
1914,2019-06-11,2019-06-11,1,12.360000000000001,6,12.360000000000001,6,EAST,0,1,30.0,N,55-64,Single,100-150K,Homeowner,1 Adult,1.0,,12.360000000000001,1.0,1
1916,2020-05-16,2018-08-17,478,11925.78,4145,24.949330543933055,1532,WEST,638,638,22.476489028213166,N,55-64,Single,35-49K,Homeowner,Single Female,1.0,,24.949330543933055,0.3696019300361882,0
1924,2020-05-14,2018-08-18,240,12394.83,3541,51.645125,1265,SOUTH,635,635,11.338582677165354,Y,55-64,Single,100-150K,Homeowner,1 Adult and Kids,4.0,3.0,51.645125,0.3572437164642756,0
1937,2019-07-05,2019-07-05,1,1.0,1,1.0,1,EAST,0,1,30.0,Y,45-54,Married,75-99K,Homeowner,2 Adults and Kids,3.0,1.0,1.0,1.0,1
1949,2020-05-14,2018-08-18,250,4565.42,2005,18.261680000000002,639,WEST,635,635,11.811023622047243,N,,,,,,,,18.261680000000002,0.31870324189526184,0
1963,2019-02-09,2019-01-06,4,27.43,11,6.8575,7,WEST,34,34,3.5294117647058822,Y,45-54,Married,100-150K,Homeowner,2 Adults and Kids,5.0,3.0,6.8575,0.6363636363636364,1
1990,2020-05-16,2018-08-19,299,20046.56,5266,67.04535117056855,2135,CENTRAL,636,636,14.10377358490566,Y,55-64,Married,50-74K,Homeowner,2 Adults and Kids,3.0,1.0,67.04535117056857,0.4054310672236992,0
1994,2020-05-14,2018-08-17,143,7059.84,2153,49.36951048951049,706,CENTRAL,636,636,6.745283018867925,Y,,,,,,,,49.36951048951049,0.327914537854157,0
2004,2020-05-17,2018-08-17,162,14652.64,3643,90.4483950617284,795,EAST,639,639,7.605633802816901,Y,25-34,Single,150K+,Homeowner,1 Adult and Kids,2.0,1.0,90.44839506172839,0.21822673620642327,0
2011,2020-05-17,2018-08-18,198,18438.9,4699,93.12575757575759,1233,EAST,638,638,9.310344827586208,Y,35-44,Single,UNDER 35K,,1 Adult and Kids,2.0,1.0,93.12575757575759,0.26239625452223875,0
2017,2019-08-02,2019-02-03,10,210.88,80,21.088000000000005,55,CENTRAL,180,180,1.6666666666666667,Y,45-54,Single,50-74K,Renter,1 Adult,1.0,,21.088,0.6875,1
2019,2020-05-13,2018-08-17,149,3407.19,1233,22.867046979865776,553,SOUTH,635,635,7.039370078740157,N,35-44,Single,150K+,Homeowner,Single Male,1.0,,22.867046979865773,0.44849959448499593,0
2022,2020-05-16,2018-08-20,177,15812.52,4528,89.33627118644068,1762,SOUTH,635,635,8.362204724409448,Y,35-44,Single,150K+,Homeowner,Single Male,1.0,,89.33627118644068,0.38913427561837455,0
2024,2020-05-09,2018-08-18,146,10074.8,3937,69.0054794520548,911,WEST,630,630,6.9523809523809526,Y,,,,,,,,69.00547945205479,0.2313944627889256,0
2027,2019-09-07,2019-09-07,1,25.97,3,25.97,3,SOUTH,0,1,30.0,Y,,,,,,,,25.97,1.0,1
2066,2020-05-10,2018-08-17,199,5467.64,2469,27.475577889447234,1061,CENTRAL,632,632,9.44620253164557,Y,25-34,Single,50-74K,,Single Female,1.0,,27.475577889447237,0.42972863507492914,0
2077,2020-05-14,2018-08-18,193,13470.49,4792,69.79528497409328,1728,EAST,635,635,9.118110236220472,Y,35-44,Single,75-99K,Homeowner,Single Male,1.0,,69.79528497409326,0.3606010016694491,0
2102,2020-05-15,2018-08-20,258,7516.01,2528,29.131821705426358,987,SOUTH,634,634,12.20820189274448,Y,45-54,Married,150K+,Homeowner,2 Adults and Kids,3.0,1.0,29.131821705426358,0.39042721518987344,0
2143,2020-05-17,2018-08-17,234,10820.06,3371,46.23957264957266,1225,EAST,639,639,10.985915492957746,Y,45-54,Single,100-150K,Homeowner,1 Adult and Kids,4.0,3.0,46.23957264957265,0.36339365173539007,0
2148,2020-05-09,2018-08-25,97,4418.85,1956,45.555154639175264,672,CENTRAL,623,623,4.670947030497593,Y,35-44,Single,35-49K,Homeowner,1 Adult and Kids,2.0,1.0,45.555154639175264,0.34355828220858897,0
2150,2020-05-15,2018-08-19,235,10517.47,3700,44.75519148936171,1414,EAST,635,635,11.10236220472441,Y,55-64,Married,35-49K,Homeowner,2 Adults,2.0,,44.7551914893617,0.38216216216216214,0
2175,2020-05-17,2018-08-18,485,18366.06,6837,37.86816494845361,1979,WEST,638,638,22.805642633228842,Y,45-54,Single,50-74K,Homeowner,1 Adult and Kids,4.0,3.0,37.86816494845361,0.2894544390814685,0
2178,2020-05-11,2018-08-18,138,4997.49,1748,36.21369565217391,649,SOUTH,632,632,6.550632911392405,Y,25-34,Single,UNDER 35K,Homeowner,Single Female,1.0,,36.21369565217391,0.37128146453089245,0
2189,2020-05-11,2018-08-18,233,6584.81,2580,28.260987124463522,774,EAST,632,632,11.060126582278482,N,65-74,Married,UNDER 35K,Homeowner,2 Adults,2.0,,28.260987124463522,0.3,0
2200,2020-05-14,2018-08-19,367,9078.7,3672,24.737602179836514,1376,WEST,634,634,17.365930599369086,Y,65-74,Married,UNDER 35K,Homeowner,2 Adults,2.0,,24.737602179836514,0.3747276688453159,0
2211,2020-05-17,2018-08-20,239,5151.35,2152,21.553765690376572,895,WEST,636,636,11.273584905660378,N,45-54,Single,50-74K,Homeowner,Single Female,1.0,,21.553765690376572,0.4158921933085502,0
2225,2020-05-16,2018-08-25,207,3580.46,1144,17.296908212560385,279,SOUTH,630,630,9.857142857142858,N,35-44,Single,35-49K,Homeowner,1 Adult and Kids,,,17.296908212560385,0.24388111888111888,0
2232,2020-05-10,2018-08-22,189,4347.77,2065,23.004074074074072,930,CENTRAL,627,627,9.043062200956939,N,65-74,Married,UNDER 35K,Homeowner,2 Adults and Kids,3.0,1.0,23.004074074074076,0.45036319612590797,0
2244,2020-05-06,2018-09-01,153,7821.71,2120,51.12228758169935,1108,CENTRAL,613,613,7.487765089722675,Y,,Single,35-49K,Renter,Single Female,1.0,,51.12228758169935,0.5226415094339623,0
2260,2020-05-12,2018-08-18,219,6037.31,2276,27.567625570776258,1172,WEST,633,633,10.379146919431278,Y,,,,,,,,27.567625570776258,0.5149384885764499,0
2264,2020-05-03,2018-08-17,208,6068.05,1675,29.17331730769231,851,SOUTH,625,625,9.984,Y,,,,,,,,29.173317307692308,0.5080597014925373,0
2291,2020-05-12,2018-08-18,280,14811.15,3655,52.89696428571429,1881,SOUTH,633,633,13.270142180094785,Y,,,,,,,,52.89696428571428,0.5146374829001368,0
2306,2018-11-10,2018-11-10,1,33.92,13,33.92,11,WEST,0,1,30.0,Y,75+,Married,50-74K,Homeowner,2 Adults,2.0,,33.92,0.8461538461538461,1
2319,2020-05-13,2018-08-26,99,4305.27,964,43.487575757575755,403,WEST,626,626,4.744408945686901,N,75+,Married,50-74K,Homeowner,2 Adults,2.0,,43.48757575757576,0.41804979253112035,0
2320,2020-05-17,2018-08-19,430,9368.32,2820,21.78679069767442,974,WEST,637,637,20.251177394034535,N,55-64,Married,75-99K,Homeowner,2 Adults,2.0,,21.78679069767442,0.3453900709219858,0
2322,2020-05-15,2018-08-17,149,9859.48,3496,66.17100671140939,1156,WEST,637,637,7.017268445839874,Y,,,,,,,,66.17100671140939,0.3306636155606407,0
2325,2019-12-24,2018-12-10,3,113.71000000000001,39,37.903333333333336,33,WEST,379,379,0.237467018469657,N,,,,,,,,37.903333333333336,0.8461538461538461,1
2337,2019-01-10,2018-10-21,12,173.37,67,14.4475,59,CENTRAL,81,81,4.444444444444444,N,35-44,Married,35-49K,Homeowner,2 Adults and Kids,3.0,1.0,14.4475,0.8805970149253731,1
2345,2020-05-16,2018-08-20,188,5693.87,1783,30.286542553191488,760,WEST,635,635,8.881889763779528,Y,55-64,Married,35-49K,Renter,2 Adults and Kids,3.0,1.0,30.286542553191488,0.4262478968031408,0
2371,2020-05-12,2018-08-20,122,14559.48,3835,119.34,880,WEST,631,631,5.800316957210776,Y,55-64,Married,150K+,Homeowner,2 Adults and Kids,3.0,1.0,119.34,0.22946544980443284,0
2375,2020-05-17,2018-08-17,421,12514.65,2121,29.726009501187644,565,WEST,639,639,19.76525821596244,N,65-74,Married,UNDER 35K,Homeowner,2 Adults,2.0,,29.726009501187647,0.2663837812352664,0
2379,2020-05-09,2018-08-17,182,2692.31,1737,14.792912087912088,539,WEST,631,631,8.652931854199682,N,75+,Married,35-49K,Homeowner,2 Adults,2.0,,14.792912087912088,0.3103051237766264,0
2391,2020-05-17,2018-08-19,399,8063.67,2622,20.2096992481203,1174,WEST,637,637,18.791208791208792,N,55-64,Married,75-99K,Renter,2 Adults and Kids,5.0,3.0,20.2096992481203,0.4477498093058734,0
2406,2020-05-15,2018-08-18,227,5074.09,1885,22.352819383259913,1012,WEST,636,636,10.70754716981132,N,65-74,Married,UNDER 35K,Homeowner,2 Adults and Kids,3.0,1.0,22.352819383259913,0.5368700265251989,0
2420,2020-05-16,2018-08-19,252,11044.86,3127,43.828809523809525,891,WEST,636,636,11.88679245283019,Y,55-64,Married,75-99K,Homeowner,2 Adults,2.0,,43.828809523809525,0.2849376399104573,0
2429,2019-06-04,2019-06-02,3,111.43,29,37.14333333333334,27,SOUTH,2,2,45.0,Y,55-64,Married,150K+,Homeowner,2 Adults and Kids,3.0,1.0,37.14333333333334,0.9310344827586207,1
2433,2020-05-16,2018-08-17,401,17734.670000000002,5537,44.22610972568578,1995,WEST,638,638,18.855799373040753,Y,45-54,,150K+,Homeowner,2 Adults and Kids,3.0,1.0,44.22610972568579,0.36030341340075855,0
2435,2020-05-12,2018-08-17,425,10662.130000000001,3807,25.087364705882354,1902,WEST,634,634,20.110410094637224,Y,,,,,,,,25.087364705882354,0.4996059889676911,0
2436,2020-05-14,2018-08-17,380,11636.23,3110,30.621657894736842,1381,WEST,636,636,17.92452830188679,Y,55-64,Single,150K+,Homeowner,Single Male,1.0,,30.621657894736842,0.4440514469453376,0
2442,2020-05-13,2018-08-18,336,16091.2,7574,47.89047619047619,2245,WEST,634,634,15.899053627760253,Y,65-74,Single,35-49K,Homeowner,Single Female,1.0,,47.89047619047619,0.2964087668339055,0
2453,2020-05-17,2018-08-26,305,9219.51,4659,30.227901639344257,1846,WEST,630,630,14.523809523809524,Y,35-44,Single,35-49K,Homeowner,1 Adult and Kids,,,30.227901639344264,0.39622236531444516,0
2454,2020-04-30,2018-09-03,60,1252.91,461,20.881833333333336,270,CENTRAL,605,605,2.975206611570248,N,45-54,Married,50-74K,Homeowner,2 Adults and Kids,3.0,1.0,20.881833333333336,0.5856832971800434,0
2504,2020-05-17,2018-08-21,142,4769.96,1178,33.5912676056338,553,WEST,635,635,6.708661417322834,Y,65-74,Married,UNDER 35K,Homeowner,2 Adults,2.0,,33.5912676056338,0.4694397283531409,0
2507,2020-05-17,2018-08-18,552,12817.83,5966,23.220706521739135,1670,WEST,638,638,25.956112852664578,Y,45-54,Married,35-49K,Homeowner,2 Adults and Kids,3.0,1.0,23.22070652173913,0.2799195440831378,0
2512,2020-05-17,2018-08-17,748,29004.82,12024,38.776497326203206,3099,WEST,639,639,35.117370892018776,Y,35-44,Single,100-150K,Homeowner,1 Adult and Kids,5.0,3.0,38.776497326203206,0.25773453093812376,0
2519,2020-05-09,2018-08-17,133,10346.26,3038,77.79142857142857,1240,WEST,631,631,6.323296354992076,Y,55-64,Married,75-99K,Homeowner,2 Adults and Kids,3.0,1.0,77.79142857142857,0.40816326530612246,0
2531,2020-05-16,2018-08-19,213,9491.83,2953,44.56258215962442,983,WEST,636,636,10.047169811320755,Y,,,,,,,,44.56258215962441,0.3328818151032848,0
2541,2020-05-16,2018-08-18,188,9250.01,3346,49.20218085106383,1025,WEST,637,637,8.854003139717426,Y,55-64,Single,50-74K,Homeowner,1 Adult and Kids,2.0,1.0,49.20218085106383,0.3063359234907352,0
2555,2020-05-15,2018-08-18,111,5663.99,1825,51.026936936936934,736,WEST,636,636,5.235849056603774,Y,55-64,Married,100-150K,Homeowner,2 Adults,2.0,,51.026936936936934,0.40328767123287673,0
2572,2020-05-16,2018-08-18,251,7987.36,2928,31.82215139442231,1056,WEST,637,637,11.821036106750391,Y,65-74,Married,100-150K,Homeowner,2 Adults,2.0,,31.82215139442231,0.36065573770491804,0
2573,2020-05-15,2018-08-18,143,10066.2,2610,70.39300699300699,1288,WEST,636,636,6.745283018867925,Y,45-54,Single,100-150K,Homeowner,1 Adult and Kids,2.0,1.0,70.39300699300699,0.4934865900383142,0
2575,2020-05-17,2018-08-17,665,16592.02,5763,24.950406015037593,2030,WEST,639,639,31.220657276995304,Y,55-64,Single,35-49K,Homeowner,Single Female,1.0,,24.950406015037593,0.3522470935276766,0
2584,2020-05-12,2018-08-17,176,4926.72,1966,27.992727272727276,720,CENTRAL,634,634,8.32807570977918,Y,75+,Single,35-49K,Homeowner,1 Adult,1.0,,27.992727272727276,0.3662258392675483,0
2607,2020-05-16,2018-08-18,306,8526.9,4514,27.8656862745098,1392,WEST,637,637,14.411302982731554,Y,,,,,,,,27.8656862745098,0.30837394771821003,0
2617,2020-05-11,2018-08-18,194,6532.58,2829,33.673092783505155,596,WEST,632,632,9.208860759493671,N,35-44,Single,100-150K,Homeowner,1 Adult and Kids,2.0,1.0,33.673092783505155,0.21067515022976316,0
2629,2020-05-16,2018-08-18,497,25485.170000000002,8027,51.27800804828974,2387,WEST,637,637,23.406593406593405,Y,75+,Married,75-99K,Homeowner,2 Adults and Kids,3.0,1.0,51.27800804828974,0.29737137162077987,0
2630,2020-05-12,2018-08-20,317,6228.2,1576,19.647318611987384,186,CENTRAL,631,631,15.07131537242472,N,,,,,,,,19.64731861198738,0.11802030456852793,0
2638,2020-05-17,2018-08-18,260,17022.78,5018,65.47223076923076,2204,WEST,638,638,12.225705329153605,Y,55-64,Married,35-49K,Homeowner,2 Adults,2.0,,65.47223076923076,0.4392188122758071,0
2639,2020-05-16,2018-08-19,325,14648.94,4597,45.07366153846154,1705,WEST,636,636,15.330188679245284,Y,45-54,Married,75-99K,Homeowner,2 Adults and Kids,4.0,2.0,45.07366153846154,0.37089406134435504,0
2652,2020-05-16,2018-08-21,155,4128.93,2483,26.63825806451613,524,WEST,634,634,7.334384858044165,N,55-64,Single,75-99K,Homeowner,Single Male,1.0,,26.63825806451613,0.21103503826016914,0
2654,2020-05-04,2018-08-17,144,2326.46,1346,16.15597222222222,695,WEST,626,626,6.900958466453674,Y,65-74,Married,UNDER 35K,Homeowner,2 Adults and Kids,5.0,3.0,16.15597222222222,0.5163447251114414,0
2685,2019-08-30,2019-07-02,3,28.37,16,9.456666666666665,10,WEST,59,59,1.5254237288135595,N,35-44,,35-49K,Homeowner,2 Adults and Kids,3.0,1.0,9.456666666666667,0.625,0
2707,2020-05-17,2018-08-19,367,4083.44,1843,11.126539509536785,723,EAST,637,637,17.284144427001568,N,65-74,Single,UNDER 35K,Homeowner,Single Male,1.0,,11.126539509536785,0.3922951709169832,0
2710,2020-05-10,2018-08-18,180,8214.87,2430,45.63816666666666,776,WEST,631,631,8.55784469096672,Y,,Married,50-74K,,2 Adults,2.0,,45.63816666666667,0.31934156378600825,0
2735,2019-11-26,2018-12-19,5,108.16,32,21.631999999999998,28,CENTRAL,342,342,0.43859649122807015,N,65-74,Single,UNDER 35K,Homeowner,1 Adult,1.0,,21.631999999999998,0.875,1
2745,2020-05-16,2018-08-18,153,12124.86,4110,79.24745098039216,1284,WEST,637,637,7.205651491365777,Y,65-74,Single,50-74K,Homeowner,1 Adult,1.0,,79.24745098039216,0.3124087591240876,0
2756,2020-05-17,2018-08-17,220,19008.41,5008,86.40186363636363,1543,CENTRAL,639,639,10.328638497652582,Y,65-74,Married,50-74K,Homeowner,2 Adults and Kids,,,86.40186363636363,0.3081070287539936,0
2762,2020-05-17,2018-08-17,168,9099.26,2925,54.162261904761905,877,WEST,639,639,7.887323943661972,Y,25-34,Single,50-74K,Renter,Single Female,1.0,,54.162261904761905,0.29982905982905983,0
2780,2020-05-16,2018-08-17,601,18715.83,7618,31.141148086522467,2406,WEST,638,638,28.260188087774296,Y,55-64,Single,35-49K,Renter,1 Adult and Kids,5.0,3.0,31.141148086522467,0.31583092675242846,0
2781,2020-05-17,2018-08-26,67,3372.37,1110,50.333880597014925,627,WEST,630,630,3.1904761904761907,Y,55-64,Married,50-74K,Homeowner,2 Adults and Kids,3.0,1.0,50.333880597014925,0.5648648648648649,0
2822,2020-03-05,2018-11-08,9,795.28,216,88.36444444444446,135,WEST,483,483,0.5590062111801242,Y,55-64,Married,100-150K,Homeowner,2 Adults and Kids,5.0,3.0,88.36444444444444,0.625,1
2838,2019-11-04,2019-11-04,1,23.35,5,23.35,5,CENTRAL,0,1,30.0,Y,55-64,Married,75-99K,Homeowner,2 Adults,2.0,,23.35,1.0,1
2844,2020-05-13,2018-08-20,94,6352.04,2132,67.57489361702127,579,CENTRAL,632,632,4.462025316455696,Y,55-64,Single,35-49K,Homeowner,1 Adult,1.0,,67.57489361702127,0.27157598499061913,0
2847,2020-05-07,2019-04-26,30,1973.58,663,65.786,415,WEST,377,377,2.387267904509284,Y,45-54,Married,150K+,Homeowner,2 Adults and Kids,4.0,2.0,65.786,0.6259426847662142,0
2874,2020-05-09,2018-08-17,168,7139.88,2414,42.49928571428571,1077,CENTRAL,631,631,7.987321711568938,Y,55-64,Married,150K+,,2 Adults and Kids,3.0,1.0,42.49928571428571,0.44614747307373653,0
2921,2019-04-27,2019-04-27,1,16.97,3,16.97,3,CENTRAL,0,1,30.0,N,45-54,Single,100-150K,Homeowner,1 Adult and Kids,4.0,3.0,16.97,1.0,1
2937,2019-05-13,2018-10-12,2,83.25,30,41.62499999999999,26,WEST,213,213,0.28169014084507044,Y,45-54,Single,150K+,Homeowner,1 Adult and Kids,2.0,1.0,41.625,0.8666666666666667,1
2938,2018-09-01,2018-08-31,2,8.49,2,4.245,2,WEST,1,1,60.0,Y,55-64,Married,150K+,Homeowner,2 Adults and Kids,4.0,2.0,4.245,1.0,1
2986,2020-05-15,2018-09-07,129,7266.6,3230,56.330232558139535,1362,SOUTH,616,616,6.282467532467532,N,75+,Married,UNDER 35K,Homeowner,2 Adults and Kids,3.0,1.0,56.330232558139535,0.421671826625387,0
2990,2020-05-09,2018-08-19,76,5344.66,2279,70.32447368421053,888,CENTRAL,629,629,3.6248012718600955,Y,35-44,Single,UNDER 35K,Homeowner,1 Adult and Kids,2.0,1.0,70.32447368421053,0.3896445809565599,0
2997,2019-02-09,2019-02-09,2,56.410000000000004,12,28.205000000000002,11,EAST,0,1,60.0,Y,55-64,Married,75-99K,Homeowner,2 Adults and Kids,4.0,2.0,28.205000000000002,0.9166666666666666,1
3003,2020-05-15,2018-08-17,188,6951.55,1958,36.97632978723404,846,CENTRAL,637,637,8.854003139717426,Y,25-34,Single,100-150K,Homeowner,1 Adult and Kids,2.0,1.0,36.97632978723404,0.432073544433095,0
3004,2020-05-16,2018-08-20,211,7214.84,2286,34.19355450236967,535,SOUTH,635,635,9.968503937007874,Y,75+,Married,35-49K,Homeowner,2 Adults,2.0,,34.19355450236967,0.23403324584426946,0
3014,2020-05-16,2018-08-19,454,13651.98,4945,30.07044052863436,1860,SOUTH,636,636,21.41509433962264,Y,55-64,Married,UNDER 35K,Homeowner,2 Adults and Kids,4.0,2.0,30.07044052863436,0.37613751263902934,0
3022,2020-05-16,2018-08-19,204,16427.14,5626,80.52519607843136,1695,SOUTH,636,636,9.622641509433963,Y,45-54,Married,100-150K,Homeowner,2 Adults and Kids,4.0,2.0,80.52519607843136,0.3012797724848916,0
3030,2020-05-14,2018-08-18,321,6925.34,2811,21.574267912772587,1089,SOUTH,635,635,15.165354330708661,N,55-64,Married,50-74K,Homeowner,2 Adults,2.0,,21.574267912772587,0.3874066168623266,0
3044,2020-05-13,2018-08-17,194,6960.84,2689,35.88061855670103,787,EAST,635,635,9.165354330708661,Y,55-64,Single,75-99K,Homeowner,1 Adult,1.0,,35.88061855670103,0.2926738564522127,0
3049,2020-05-13,2018-08-17,142,4233.67,1321,29.814577464788734,749,SOUTH,635,635,6.708661417322834,N,,,,,,,,29.814577464788734,0.566994700984103,0
3060,2020-05-13,2018-08-19,192,5728.49,1663,29.835885416666667,837,SOUTH,633,633,9.09952606635071,Y,55-64,Married,100-150K,Homeowner,2 Adults and Kids,3.0,1.0,29.835885416666667,0.5033072760072159,0
3105,2020-05-15,2018-08-23,170,10919.57,3033,64.23276470588236,1612,SOUTH,631,631,8.082408874801901,Y,25-34,Single,75-99K,Homeowner,1 Adult and Kids,,,64.23276470588235,0.5314869765908341,0
3111,2020-05-14,2018-08-24,210,8820.08,3692,42.00038095238096,1516,SOUTH,629,629,10.01589825119237,Y,45-54,Married,100-150K,Homeowner,2 Adults and Kids,5.0,3.0,42.00038095238095,0.4106175514626219,0
3151,2020-05-11,2018-08-23,89,10250.24,2633,115.1712359550562,881,CENTRAL,627,627,4.258373205741627,Y,65-74,Married,100-150K,,2 Adults,2.0,,115.17123595505618,0.3345993163691606,0
3163,2020-05-08,2018-08-17,200,6253.64,2349,31.268199999999997,953,SOUTH,630,630,9.523809523809524,Y,45-54,Single,75-99K,Homeowner,Single Male,1.0,,31.2682,0.4057045551298425,0
3164,2020-05-09,2018-08-19,120,12151.18,3106,101.25983333333333,1449,SOUTH,629,629,5.723370429252783,Y,55-64,Married,75-99K,Homeowner,2 Adults and Kids,4.0,2.0,101.25983333333333,0.4665164198325821,0
3186,2020-05-15,2018-08-19,238,7832.17,2681,32.908277310924376,912,CENTRAL,635,635,11.244094488188976,Y,55-64,Married,150K+,Homeowner,2 Adults,2.0,,32.90827731092437,0.340171577769489,0
3205,2020-05-16,2018-08-19,209,4872.9400000000005,1750,23.3155023923445,731,SOUTH,636,636,9.858490566037736,N,65-74,Married,50-74K,Homeowner,2 Adults,2.0,,23.3155023923445,0.4177142857142857,0
3214,2020-05-17,2018-08-20,460,21621.49,5757,47.003239130434785,1395,SOUTH,636,636,21.69811320754717,Y,75+,Married,100-150K,Homeowner,2 Adults,2.0,,47.003239130434785,0.242313705054716,0
3220,2020-05-14,2018-08-26,255,9370.62,3410,36.7475294117647,1526,SOUTH,627,627,12.200956937799043,Y,35-44,Married,75-99K,Homeowner,2 Adults and Kids,5.0,3.0,36.74752941176471,0.4475073313782991,0
3232,2020-05-17,2018-08-18,612,11032.58,3646,18.027091503267975,1090,EAST,638,638,28.77742946708464,N,65-74,Married,50-74K,Homeowner,2 Adults,2.0,,18.027091503267975,0.29895776193088314,0
3243,2020-05-15,2018-08-18,209,12084.94,4462,57.82267942583732,1137,SOUTH,636,636,9.858490566037736,Y,25-34,Single,50-74K,Renter,Single Female,1.0,,57.82267942583732,0.2548184670551322,0
3246,2020-05-17,2018-08-17,322,13151.04,4439,40.84173913043479,1444,SOUTH,639,639,15.117370892018778,Y,45-54,Married,150K+,Homeowner,2 Adults and Kids,3.0,1.0,40.84173913043479,0.32529849065104754,0
3247,2020-05-14,2018-08-17,513,7324.400000000001,2826,14.277582846003899,1294,SOUTH,636,636,24.19811320754717,N,55-64,Married,75-99K,Homeowner,2 Adults and Kids,4.0,2.0,14.2775828460039,0.4578910120311394,0
3257,2020-05-03,2019-06-03,3,74.67,14,24.89,14,SOUTH,335,335,0.26865671641791045,Y,45-54,Married,75-99K,Homeowner,2 Adults and Kids,4.0,2.0,24.89,1.0,0
3267,2020-05-15,2018-08-17,287,11643.130000000001,3058,40.56839721254356,1294,EAST,637,637,13.516483516483516,Y,45-54,Married,100-150K,Homeowner,2 Adults and Kids,5.0,3.0,40.56839721254356,0.42315238718116416,0
3274,2020-05-16,2018-08-23,82,3061.81,745,37.33914634146341,400,SOUTH,632,632,3.892405063291139,N,55-64,Married,150K+,Homeowner,2 Adults,2.0,,37.33914634146341,0.5369127516778524,0
3314,2020-05-12,2018-08-18,218,16732.65,4422,76.7552752293578,1852,SOUTH,633,633,10.331753554502368,Y,35-44,Single,75-99K,Homeowner,1 Adult and Kids,3.0,2.0,76.7552752293578,0.4188150158299412,0
3319,2020-05-17,2018-08-17,335,10319.64,2843,30.80489552238806,1049,EAST,639,639,15.727699530516432,Y,75+,Married,50-74K,Homeowner,2 Adults,2.0,,30.80489552238806,0.36897643334505803,0
3358,2020-05-14,2018-08-19,233,11307.15,3506,48.528540772532196,1229,SOUTH,634,634,11.025236593059937,Y,55-64,Married,50-74K,Homeowner,2 Adults and Kids,3.0,1.0,48.52854077253219,0.35054192812321733,0
3398,2020-05-16,2018-08-18,306,14575.35,3657,47.63186274509805,1905,SOUTH,637,637,14.411302982731554,Y,25-34,Single,100-150K,Homeowner,1 Adult and Kids,2.0,1.0,47.63186274509804,0.5209187858900738,0
3411,2020-05-12,2018-08-19,246,14637.220000000001,4992,59.500894308943096,1797,SOUTH,632,632,11.677215189873419,Y,35-44,Married,100-150K,Homeowner,2 Adults and Kids,5.0,3.0,59.500894308943096,0.35997596153846156,0
3418,2020-05-15,2018-08-18,135,5383.72,1982,39.879407407407406,710,SOUTH,636,636,6.367924528301887,N,35-44,Single,50-74K,Homeowner,1 Adult and Kids,5.0,3.0,39.879407407407406,0.35822401614530774,0
3442,2020-05-13,2018-08-17,248,6415.1,2395,25.86733870967742,990,SOUTH,635,635,11.716535433070865,N,65-74,,UNDER 35K,Homeowner,2 Adults,2.0,,25.86733870967742,0.4133611691022965,0
3445,2020-05-17,2018-08-21,136,4833.54,3146,35.540735294117646,342,SOUTH,635,635,6.4251968503937,N,,,,,,,,35.540735294117646,0.10870947234583599,0
3467,2020-05-10,2018-08-18,233,6312.74,2032,27.093304721030044,814,SOUTH,631,631,11.077654516640253,N,45-54,Single,50-74K,Renter,Single Female,1.0,,27.09330472103004,0.4005905511811024,0
3474,2020-05-17,2018-08-17,254,4239.99,1790,16.692874015748036,703,SOUTH,639,639,11.92488262910798,N,55-64,Married,100-150K,Homeowner,2 Adults and Kids,3.0,1.0,16.692874015748032,0.39273743016759777,0
3476,2020-05-07,2018-08-18,132,5145.57,1729,38.981590909090905,826,SOUTH,628,628,6.305732484076433,Y,65-74,Married,100-150K,Homeowner,2 Adults,2.0,,38.981590909090905,0.4777327935222672,0
3486,2020-05-14,2018-08-18,202,9634.130000000001,2903,47.69371287128713,1422,SOUTH,635,635,9.543307086614172,Y,65-74,Married,100-150K,Homeowner,2 Adults and Kids,3.0,1.0,47.69371287128713,0.4898380985187737,0
3496,2020-05-16,2018-08-18,278,23388.170000000002,7224,84.13010791366906,2008,SOUTH,637,637,13.092621664050235,Y,45-54,Married,50-74K,Homeowner,2 Adults and Kids,3.0,1.0,84.13010791366906,0.2779623477297896,0
3523,2020-05-15,2018-08-25,146,5805.16,2145,39.7613698630137,973,SOUTH,629,629,6.963434022257553,Y,35-44,Married,75-99K,Homeowner,2 Adults and Kids,4.0,2.0,39.7613698630137,0.4536130536130536,0
3551,2020-05-13,2018-08-17,329,15806.25,5205,48.04331306990881,1723,SOUTH,635,635,15.543307086614172,Y,45-54,,75-99K,Homeowner,2 Adults,2.0,,48.04331306990881,0.33102785782901056,0
3582,2020-05-17,2018-08-17,133,14742.16,4549,110.84330827067669,1662,SOUTH,639,639,6.244131455399061,Y,65-74,,UNDER 35K,Homeowner,1 Adult,1.0,,110.84330827067669,0.365355023081996,0
3603,2020-05-14,2018-08-17,326,7869.84,3392,24.140613496932517,1545,SOUTH,636,636,15.377358490566039,Y,75+,Married,UNDER 35K,Homeowner,2 Adults and Kids,,,24.140613496932517,0.45548349056603776,0
3608,2018-09-06,2018-09-06,1,120.45,34,120.45,33,CENTRAL,0,1,30.0,N,65-74,Married,UNDER 35K,Homeowner,2 Adults,2.0,,120.45,0.9705882352941176,1
3614,2020-05-06,2018-09-14,57,2060.27,887,36.14508771929824,376,SOUTH,600,600,2.85,Y,35-44,Married,75-99K,Homeowner,2 Adults and Kids,3.0,1.0,36.145087719298246,0.42390078917700114,1
3635,2020-05-17,2018-08-17,552,12785.57,4681,23.162264492753625,1628,SOUTH,639,639,25.915492957746476,Y,75+,Married,UNDER 35K,Homeowner,2 Adults and Kids,,,23.16226449275362,0.347788933988464,0
3655,2020-05-12,2018-08-28,145,9910.32,2539,68.34703448275862,1297,SOUTH,623,623,6.982343499197432,Y,45-54,,50-74K,Homeowner,2 Adults,2.0,,68.34703448275862,0.5108310358408822,0
3670,2019-07-11,2019-07-11,1,8.99,1,8.99,1,SOUTH,0,1,30.0,Y,25-34,Single,50-74K,Renter,1 Adult and Kids,2.0,1.0,8.99,1.0,1
3672,2020-05-10,2018-08-17,222,15539.27,5755,69.99671171171171,1800,EAST,632,632,10.537974683544304,Y,35-44,Married,50-74K,Homeowner,2 Adults and Kids,3.0,1.0,69.99671171171171,0.31277150304083406,0
3681,2019-07-06,2019-07-06,1,9.99,1,9.99,1,CENTRAL,0,1,30.0,Y,,,,,,,,9.99,1.0,1
3687,2020-05-17,2018-08-18,438,8615.380000000001,3395,19.669817351598173,798,SOUTH,638,638,20.595611285266457,N,75+,Single,50-74K,Homeowner,1 Adult,1.0,,19.669817351598176,0.23505154639175257,0
3689,2020-02-15,2019-03-14,6,165.93,50,27.655,44,WEST,338,338,0.5325443786982248,Y,55-64,Married,75-99K,Homeowner,2 Adults and Kids,,,27.655,0.88,1
3703,2020-04-27,2019-01-02,21,366.66,126,17.46,97,EAST,481,481,1.3097713097713097,Y,65-74,Married,75-99K,Homeowner,2 Adults,2.0,,17.46,0.7698412698412699,0
3733,2019-06-22,2019-04-13,2,23.990000000000002,5,11.995000000000001,5,EAST,70,70,0.8571428571428571,N,45-54,Married,50-74K,Homeowner,2 Adults and Kids,5.0,3.0,11.995000000000001,1.0,0
3739,2020-03-07,2019-07-20,3,72.04,15,24.013333333333335,14,EAST,231,231,0.38961038961038963,Y,45-54,Married,50-74K,Homeowner,2 Adults and Kids,5.0,3.0,24.013333333333335,0.9333333333333333,1
3755,2018-09-09,2018-09-09,1,43.21,15,43.21,9,CENTRAL,0,1,30.0,N,65-74,Married,35-49K,Homeowner,2 Adults and Kids,3.0,1.0,43.21,0.6,1
3758,2020-05-17,2018-08-17,314,10913.77,3910,34.75722929936306,1835,SOUTH,639,639,14.741784037558684,Y,45-54,Single,50-74K,Homeowner,Single Male,1.0,,34.75722929936306,0.46930946291560105,0
3784,2020-05-07,2018-08-19,141,11288.39,4601,80.0595035460993,1537,CENTRAL,627,627,6.746411483253589,Y,25-34,Single,50-74K,Homeowner,1 Adult and Kids,3.0,2.0,80.0595035460993,0.33405781351880026,0
3785,2020-05-13,2018-08-18,164,18656.93,5219,113.76176829268293,1907,EAST,634,634,7.7602523659306,Y,25-34,Single,35-49K,Homeowner,Single Male,1.0,,113.76176829268293,0.3653956696685189,0
3800,2020-05-07,2018-08-17,223,4417.71,1813,19.81035874439462,782,CENTRAL,629,629,10.635930047694755,N,55-64,Single,50-74K,Homeowner,Single Female,1.0,,19.81035874439462,0.43132928847214563,0
3809,2020-05-15,2018-08-21,257,20510.53,5961,79.80750972762645,1869,CENTRAL,633,633,12.180094786729857,Y,45-54,Married,150K+,Homeowner,2 Adults and Kids,4.0,2.0,79.80750972762645,0.31353799698037244,0
3811,2020-05-13,2018-08-20,195,5385.21,3704,27.61646153846154,1634,SOUTH,632,632,9.256329113924052,Y,,,,,,,,27.61646153846154,0.44114470842332615,0
3819,2020-04-24,2018-08-24,185,2270.95,1091,12.275405405405404,522,SOUTH,609,609,9.113300492610836,N,25-34,Single,UNDER 35K,,Single Male,1.0,,12.275405405405404,0.4784601283226398,0
3820,2020-05-13,2018-08-20,301,9628.37,3254,31.987940199335544,912,CENTRAL,632,632,14.287974683544304,Y,45-54,Single,50-74K,Homeowner,1 Adult and Kids,2.0,1.0,31.98794019933555,0.2802704363859865,0
3840,2020-05-16,2018-08-17,319,15970.29,6958,50.063605015673986,1720,EAST,638,638,15.0,Y,55-64,Married,UNDER 35K,Homeowner,2 Adults and Kids,4.0,2.0,50.063605015673986,0.2471974705375108,0
3842,2020-05-12,2018-08-23,284,5435.93,2190,19.140598591549296,913,SOUTH,628,628,13.566878980891719,N,75+,Married,50-74K,Homeowner,2 Adults and Kids,3.0,1.0,19.140598591549296,0.4168949771689498,0
3881,2020-05-11,2018-08-19,86,3756.78,1211,43.683488372093024,427,SOUTH,631,631,4.088748019017432,N,,,,,,,,43.683488372093024,0.35260115606936415,0
3889,2020-05-17,2018-08-17,594,17729.65,6067,29.847895622895624,1826,SOUTH,639,639,27.887323943661972,Y,55-64,Married,50-74K,Homeowner,2 Adults and Kids,4.0,2.0,29.847895622895624,0.3009724740398879,0
3893,2020-05-16,2018-08-17,560,8959.68,4625,15.999428571428572,1356,SOUTH,638,638,26.33228840125392,Y,75+,Single,UNDER 35K,Homeowner,Single Male,1.0,,15.999428571428572,0.2931891891891892,0
3895,2020-05-16,2018-08-18,164,5613.38,2998,34.22792682926829,1203,SOUTH,637,637,7.723704866562009,Y,,,,,,,,34.22792682926829,0.40126751167444963,0
3904,2020-05-17,2018-08-17,397,24189.97,7666,60.93191435768262,2460,EAST,639,639,18.63849765258216,Y,35-44,Single,50-74K,Homeowner,1 Adult and Kids,2.0,1.0,60.93191435768262,0.32089746934516045,0
3940,2020-05-17,2018-08-18,181,14569.2,4315,80.49281767955802,1630,EAST,638,638,8.510971786833856,Y,,,,,,,,80.49281767955802,0.37775202780996525,0
3964,2020-05-15,2018-08-22,144,10163.64,4219,70.58083333333335,1702,WEST,632,632,6.8354430379746836,Y,45-54,Married,100-150K,Homeowner,2 Adults and Kids,3.0,1.0,70.58083333333333,0.4034131310737141,0
3969,2020-05-13,2018-08-20,134,5735.78,1915,42.80432835820896,849,SOUTH,632,632,6.360759493670886,Y,45-54,Married,50-74K,Homeowner,2 Adults,2.0,,42.804328358208956,0.4433420365535248,0
3977,2020-05-14,2018-08-20,146,5593.3,2234,38.310273972602744,522,EAST,633,633,6.919431279620853,Y,,,,,,,,38.310273972602744,0.23366159355416294,0
3988,2020-05-16,2018-08-27,56,3160.13,633,56.43089285714286,253,CENTRAL,628,628,2.6751592356687897,N,65-74,Single,UNDER 35K,Homeowner,1 Adult,1.0,,56.43089285714286,0.39968404423380727,0
3993,2020-05-06,2018-08-24,102,7399.03,2695,72.53950980392156,1009,WEST,621,621,4.9275362318840585,Y,45-54,Married,75-99K,Homeowner,2 Adults and Kids,3.0,1.0,72.53950980392156,0.3743970315398887,0
4005,2020-05-14,2018-08-17,338,8881.14,2842,26.27556213017752,1124,WEST,636,636,15.943396226415095,Y,45-54,Single,50-74K,Homeowner,Single Female,1.0,,26.275562130177512,0.39549612948627727,0
4011,2020-05-16,2018-08-18,221,11142.7,3888,50.41945701357466,1337,SOUTH,637,637,10.408163265306122,Y,,Single,75-99K,,Single Female,1.0,,50.419457013574664,0.3438786008230453,0
4017,2020-05-15,2018-08-19,308,4461.68,1639,14.485974025974027,455,WEST,635,635,14.551181102362204,N,,,,,,,,14.485974025974027,0.27760829774252593,0
4037,2020-05-05,2018-08-21,193,11191.91,2947,57.98917098445596,1068,EAST,623,623,9.293739967897272,Y,65-74,Married,UNDER 35K,Homeowner,2 Adults,2.0,,57.98917098445596,0.36240244316253817,0
4057,2020-05-09,2018-08-20,157,7383.36,2894,47.02777070063694,1012,EAST,628,628,7.5,Y,25-34,Single,75-99K,Homeowner,1 Adult and Kids,2.0,1.0,47.02777070063694,0.3496890117484451,0
4061,2019-08-13,2019-08-13,1,22.720000000000002,8,22.720000000000002,8,WEST,0,1,30.0,Y,45-54,Single,75-99K,Renter,Single Male,1.0,,22.720000000000002,1.0,1
4062,2020-05-17,2019-07-17,3,74.92,17,24.973333333333333,13,SOUTH,305,305,0.29508196721311475,Y,55-64,Married,75-99K,Homeowner,2 Adults and Kids,4.0,2.0,24.973333333333333,0.7647058823529411,0
4065,2020-05-14,2018-08-18,188,6825.3,2727,36.30478723404255,692,EAST,635,635,8.881889763779528,Y,25-34,Single,35-49K,Homeowner,Single Male,1.0,,36.30478723404256,0.25375870920425375,0
4078,2020-05-12,2018-08-17,683,21656.28,6813,31.70758418740849,2820,EAST,634,634,32.31861198738171,Y,19-24,Single,150K+,Homeowner,1 Adult and Kids,2.0,1.0,31.70758418740849,0.4139145750770586,0
4085,2020-05-14,2018-08-17,281,13891.24,4909,49.43501779359431,1743,CENTRAL,636,636,13.254716981132075,Y,25-34,Single,UNDER 35K,Homeowner,Single Male,1.0,,49.435017793594305,0.35506213078019966,0
4105,2020-05-10,2019-08-11,16,361.54,131,22.59625,98,WEST,273,273,1.7582417582417582,Y,55-64,Single,35-49K,Renter,Single Male,1.0,,22.59625,0.7480916030534351,0
4126,2020-05-17,2018-08-17,196,17240.1,4457,87.95969387755102,1622,CENTRAL,639,639,9.2018779342723,Y,45-54,Single,100-150K,Homeowner,1 Adult and Kids,2.0,1.0,87.95969387755102,0.3639219205743774,0
4146,2020-05-12,2018-08-20,201,10631.22,3457,52.89164179104478,1591,WEST,631,631,9.556259904912835,Y,65-74,,UNDER 35K,Renter,Single Male,1.0,,52.891641791044776,0.4602256291582297,0
4159,2020-04-22,2018-08-18,99,4784.29,1600,48.32616161616161,630,SOUTH,613,613,4.8450244698205545,N,65-74,Single,100-150K,Homeowner,1 Adult,1.0,,48.32616161616161,0.39375,0
4171,2020-05-10,2018-08-18,359,7122.02,3096,19.838495821727022,1212,EAST,631,631,17.068145800316955,Y,35-44,Single,UNDER 35K,,1 Adult and Kids,3.0,2.0,19.838495821727022,0.39147286821705424,0
4183,2020-05-17,2018-08-19,117,4577.13,2400,39.120769230769234,1247,WEST,637,637,5.5102040816326525,Y,35-44,Married,75-99K,Homeowner,2 Adults and Kids,4.0,2.0,39.120769230769234,0.5195833333333333,0
4214,2020-05-16,2018-08-17,205,8768.86,2183,42.774926829268296,1245,CENTRAL,638,638,9.639498432601881,Y,19-24,Single,50-74K,Renter,1 Adult,1.0,,42.774926829268296,0.570316078790655,0
4218,2020-05-15,2018-08-17,129,20604.65,5688,159.72596899224808,1610,EAST,637,637,6.075353218210361,Y,35-44,Single,75-99K,Homeowner,Single Female,1.0,,159.72596899224808,0.2830520393811533,0
4249,2020-05-14,2018-08-20,267,11153.35,3693,41.772846441947564,1256,EAST,633,633,12.654028436018956,Y,65-74,Married,UNDER 35K,Homeowner,2 Adults,2.0,,41.772846441947564,0.34010289737340915,0
4264,2020-05-17,2018-08-18,294,7246.96,3151,24.64952380952381,1038,EAST,638,638,13.824451410658307,Y,,,,,,,,24.64952380952381,0.3294192319898445,0
4293,2020-05-16,2018-08-20,481,14324.94,3868,29.781580041580042,1222,SOUTH,635,635,22.724409448818896,Y,45-54,Single,75-99K,Renter,1 Adult and Kids,,,29.781580041580042,0.31592554291623576,0
4351,2019-09-22,2019-09-22,1,16.98,2,16.98,1,EAST,0,1,30.0,Y,25-34,Single,35-49K,Renter,Single Female,1.0,,16.98,0.5,1
4363,2019-11-23,2019-11-23,1,5.1899999999999995,2,5.1899999999999995,2,CENTRAL,0,1,30.0,N,55-64,Married,150K+,Homeowner,2 Adults,2.0,,5.1899999999999995,1.0,1
4366,2020-05-17,2018-08-22,96,4972.82,1030,51.80020833333333,405,CENTRAL,634,634,4.542586750788644,N,55-64,Single,50-74K,Homeowner,1 Adult,1.0,,51.80020833333333,0.3932038834951456,0
4372,2020-05-07,2018-08-17,120,5379.52,1466,44.82933333333334,410,CENTRAL,629,629,5.723370429252783,Y,75+,Married,50-74K,Homeowner,2 Adults,2.0,,44.82933333333334,0.27967257844474763,0
4405,2020-05-13,2018-08-18,101,8956.84,2369,88.68158415841584,869,EAST,634,634,4.7791798107255525,Y,,,,,,,,88.68158415841584,0.3668214436471085,0
4406,2020-05-10,2018-08-20,122,2471.62,1094,20.25918032786885,395,CENTRAL,629,629,5.8187599364069955,N,,,,,,,,20.25918032786885,0.3610603290676417,0
4414,2020-05-17,2018-08-17,410,8730.710000000001,3644,21.29441463414635,1247,CENTRAL,639,639,19.248826291079812,Y,35-44,Single,35-49K,Homeowner,Single Male,1.0,,21.294414634146342,0.34220636663007686,0
4420,2020-05-16,2018-08-18,190,12674.9,3578,66.71000000000001,1410,EAST,637,637,8.948194662480377,Y,25-34,Single,50-74K,Renter,1 Adult,1.0,,66.71,0.3940749021799888,0
4432,2019-08-31,2019-08-30,2,29.44,12,14.72,5,WEST,1,1,60.0,Y,45-54,Single,100-150K,,Single Male,1.0,,14.72,0.4166666666666667,0
4439,2020-05-11,2018-08-19,144,9825.45,3101,68.23229166666667,737,EAST,631,631,6.846275752773375,Y,35-44,Single,100-150K,Homeowner,Single Male,1.0,,68.23229166666667,0.23766526926797807,0
4453,2020-05-13,2018-08-17,338,6914.47,2769,20.457011834319523,1392,SOUTH,635,635,15.968503937007872,N,75+,Married,50-74K,Homeowner,2 Adults and Kids,5.0,3.0,20.457011834319527,0.5027085590465872,0
4457,2020-05-10,2018-08-19,319,6149.53,2268,19.27752351097179,976,SOUTH,630,630,15.19047619047619,N,45-54,Single,75-99K,Homeowner,1 Adult and Kids,2.0,1.0,19.277523510971786,0.43033509700176364,0
4458,2020-04-30,2018-08-17,130,17414.32,4997,133.9563076923077,1716,SOUTH,622,622,6.270096463022508,N,45-54,Married,150K+,Homeowner,2 Adults and Kids,5.0,3.0,133.9563076923077,0.3434060436261757,0
4498,2020-05-16,2018-08-17,220,4494.33,1641,20.428772727272726,732,WEST,638,638,10.344827586206897,N,25-34,Single,50-74K,Homeowner,Single Female,1.0,,20.428772727272726,0.4460694698354662,0
4506,2020-05-10,2018-08-25,103,7067.08,1967,68.61242718446603,608,SOUTH,624,624,4.951923076923077,Y,45-54,Married,150K+,Homeowner,2 Adults and Kids,4.0,2.0,68.61242718446601,0.3091001525165226,0
4552,2019-01-06,2018-08-28,17,299.11,92,17.59470588235294,72,EAST,131,131,3.893129770992367,Y,,,,,,,,17.59470588235294,0.782608695652174,1
4568,2020-05-16,2018-08-24,135,7653.74,1406,56.69437037037037,519,EAST,631,631,6.418383518225039,Y,,,,,,,,56.69437037037037,0.3691322901849218,0
4570,2019-02-06,2019-02-06,1,6.98,2,6.98,2,EAST,0,1,30.0,Y,,,,,,,,6.98,1.0,1
4587,2019-07-24,2018-09-05,18,871.29,244,48.405,191,EAST,322,322,1.6770186335403727,N,75+,Single,UNDER 35K,Homeowner,Single Female,1.0,,48.405,0.7827868852459017,1
4594,2020-05-17,2018-08-17,356,6496.46,2269,18.248483146067414,1114,WEST,639,639,16.713615023474176,N,,,,,,,,18.248483146067414,0.49096518289995594,0
4603,2020-05-17,2018-08-24,214,7089.64,2222,33.12915887850467,833,WEST,632,632,10.158227848101266,N,35-44,Married,50-74K,Homeowner,2 Adults,2.0,,33.129158878504676,0.3748874887488749,0
4604,2020-05-15,2018-08-18,199,9979.64,3315,50.148944723618094,1022,WEST,636,636,9.38679245283019,Y,25-34,Single,100-150K,Homeowner,Single Female,1.0,,50.14894472361809,0.3082956259426848,0
4606,2020-05-15,2018-08-19,182,6033.1900000000005,1955,33.1493956043956,697,WEST,635,635,8.598425196850393,N,75+,Single,35-49K,Homeowner,Single Male,1.0,,33.14939560439561,0.3565217391304348,0
4607,2020-05-13,2018-08-19,174,10653.85,2706,61.22902298850575,1030,WEST,633,633,8.246445497630331,Y,,,,,,,,61.22902298850575,0.38063562453806354,0
4614,2020-05-10,2018-08-23,100,5008.55,1582,50.0855,572,WEST,626,626,4.792332268370607,Y,,,,,,,,50.0855,0.3615676359039191,0
4623,2020-05-04,2018-08-17,153,6721.0,1852,43.928104575163395,796,EAST,626,626,7.332268370607029,Y,25-34,Married,50-74K,,2 Adults,2.0,,43.928104575163395,0.4298056155507559,0
4713,2020-05-17,2018-08-19,522,18372.91,6550,35.197145593869735,2605,SOUTH,637,637,24.583987441130297,Y,45-54,Single,100-150K,Homeowner,1 Adult and Kids,5.0,3.0,35.197145593869735,0.3977099236641221,0
4716,2020-05-12,2018-08-20,153,4590.6,1130,30.003921568627455,481,WEST,631,631,7.274167987321711,N,45-54,Single,75-99K,Homeowner,Single Female,1.0,,30.003921568627455,0.42566371681415927,0
4719,2020-05-16,2018-08-17,282,8003.38,3262,28.38078014184397,822,CENTRAL,638,638,13.260188087774296,Y,75+,Married,UNDER 35K,Homeowner,2 Adults,2.0,,28.38078014184397,0.25199264255058246,0
4724,2020-05-15,2018-08-17,181,2985.45,1189,16.494198895027626,164,WEST,637,637,8.524332810047095,N,65-74,Single,50-74K,Homeowner,Single Male,1.0,,16.494198895027623,0.13793103448275862,0
4725,2020-05-17,2018-08-17,104,7002.74,2853,67.33403846153846,931,CENTRAL,639,639,4.88262910798122,Y,75+,Married,UNDER 35K,Homeowner,2 Adults,2.0,,67.33403846153846,0.326323168594462,0
4740,2020-05-10,2018-08-24,145,5455.96,1841,37.62731034482759,839,SOUTH,625,625,6.96,Y,25-34,Single,UNDER 35K,Homeowner,1 Adult and Kids,2.0,1.0,37.627310344827585,0.4557305812058664,0
4745,2020-05-17,2018-08-17,407,7544.29,3066,18.536339066339067,1060,WEST,639,639,19.107981220657276,N,35-44,Single,UNDER 35K,Renter,Single Female,1.0,,18.536339066339067,0.3457273320287019,0
4753,2019-04-27,2019-03-15,6,223.18,81,37.196666666666665,58,WEST,43,43,4.186046511627907,Y,,,,,,,,37.196666666666665,0.7160493827160493,1
4757,2020-05-17,2018-08-19,131,4602.68,1258,35.13496183206107,639,CENTRAL,637,637,6.169544740973312,N,25-34,Single,100-150K,Homeowner,1 Adult,1.0,,35.13496183206107,0.5079491255961844,0
4766,2020-05-14,2018-08-18,214,13664.26,5511,63.851682242990655,1649,WEST,635,635,10.11023622047244,Y,45-54,Married,75-99K,Homeowner,2 Adults and Kids,3.0,1.0,63.851682242990655,0.2992197423335148,0
4774,2020-05-17,2018-12-27,64,4328.01,1364,67.62515625,699,WEST,507,507,3.7869822485207103,Y,25-34,Married,100-150K,Homeowner,2 Adults and Kids,3.0,1.0,67.62515625,0.5124633431085044,0
4778,2020-05-15,2018-08-17,290,13896.66,5055,47.91951724137931,1475,WEST,637,637,13.657770800627944,Y,65-74,Single,UNDER 35K,Homeowner,1 Adult and Kids,3.0,2.0,47.91951724137931,0.29179030662710187,0
4809,2020-05-17,2018-08-21,140,7698.33,2964,54.98807142857143,876,CENTRAL,635,635,6.6141732283464565,Y,,,,,,,,54.98807142857143,0.29554655870445345,0
4813,2018-08-26,2018-08-26,1,1.0,2,1.0,1,WEST,0,1,30.0,Y,45-54,Single,75-99K,Homeowner,Single Male,1.0,,1.0,0.5,1
4816,2020-05-13,2018-08-21,121,5183.6,2462,42.839669421487606,772,WEST,631,631,5.752773375594295,Y,45-54,Married,50-74K,Renter,2 Adults,2.0,,42.839669421487606,0.31356620633631194,0
4823,2019-11-05,2019-10-31,4,117.24000000000001,44,29.309999999999995,35,WEST,5,5,24.0,Y,,,,,,,,29.310000000000002,0.7954545454545454,1
4836,2020-05-16,2018-08-19,401,14137.880000000001,5148,35.25655860349127,2162,SOUTH,636,636,18.91509433962264,Y,,,,,,,,35.25655860349127,0.41996891996892,0
4851,2020-05-03,2018-09-11,60,3250.73,1079,54.17883333333334,522,CENTRAL,600,600,3.0,N,,,,,,,,54.17883333333334,0.48378127896200185,0
4857,2020-05-16,2018-08-23,968,12057.7,5190,12.456301652892563,2310,CENTRAL,632,632,45.949367088607595,Y,65-74,Married,UNDER 35K,Homeowner,2 Adults and Kids,4.0,2.0,12.456301652892563,0.44508670520231214,0
4878,2020-05-09,2018-08-22,129,4879.82,1736,37.828062015503875,591,EAST,626,626,6.182108626198083,N,65-74,Married,35-49K,Homeowner,2 Adults,2.0,,37.828062015503875,0.34043778801843316,0
4879,2020-04-15,2018-08-23,65,9029.76,2606,138.91938461538462,1303,CENTRAL,601,601,3.24459234608985,Y,,Single,75-99K,Homeowner,Single Male,1.0,,138.91938461538462,0.5,0
4897,2020-05-16,2018-08-19,331,6552.54,2156,19.79619335347432,1046,SOUTH,636,636,15.613207547169813,N,,,,,,,,19.79619335347432,0.48515769944341375,0
4904,2020-05-17,2018-09-14,95,9829.28,3452,103.46610526315789,1223,CENTRAL,611,611,4.6644844517184945,Y,,,,,,,,103.4661052631579,0.35428736964078794,0
4909,2019-12-23,2018-08-21,3,54.35,14,18.11666666666667,12,EAST,489,489,0.18404907975460122,N,45-54,Married,100-150K,Homeowner,2 Adults and Kids,4.0,2.0,18.116666666666667,0.8571428571428571,1
4974,2020-05-17,2018-08-19,127,5712.07,1805,44.97692913385827,747,CENTRAL,637,637,5.981161695447409,Y,45-54,Married,50-74K,Homeowner,2 Adults,2.0,,44.97692913385826,0.4138504155124654,0
4982,2020-05-11,2018-08-20,234,7560.89,2328,32.31149572649573,1087,WEST,630,630,11.142857142857142,Y,,,,,,,,32.31149572649573,0.46692439862542956,0
4987,2020-05-16,2018-08-17,393,13513.74,4826,34.38610687022901,1084,CENTRAL,638,638,18.479623824451412,Y,,,,,,,,34.38610687022901,0.2246166597596353,0
4989,2018-11-21,2018-11-21,1,15.7,2,15.7,2,EAST,0,1,30.0,N,55-64,Single,100-150K,Renter,1 Adult,1.0,,15.7,1.0,1
